2020-05-01 00:00:00, 2020-06-14 13:17:33.495423, eu-north-1
2020-05-01 00:00:00, 2020-06-14 13:18:43.726334, eu-north-1
2020-05-01 00:00:00, 2020-06-14 13:19:32.481269, eu-north-1
2020-05-01 00:00:00, 2020-06-14 13:20:35.355403, eu-north-1
2020-05-01 00:00:00, 2020-06-14 13:20:35.355403, ap-south-1
2020-05-01 00:00:00, 2020-06-14 13:20:35.355403, eu-west-3
2020-05-01 00:00:00, 2020-06-14 13:20:35.355403, eu-west-2
2020-05-01 00:00:00, 2020-06-14 13:22:22.059370, eu-north-1
2020-05-01 00:00:00, 2020-06-14 13:22:22.059370, ap-south-1
2020-05-01 00:00:00, 2020-06-14 13:22:22.059370, eu-west-3
2020-05-01 00:00:00, 2020-06-14 13:23:22.571249, eu-north-1
2020-05-01 00:00:00, 2020-06-14 13:23:22.571249, ap-south-1
2020-05-01 00:00:00, 2020-06-14 13:23:22.571249, eu-west-3
2020-05-01 00:00:00, 2020-06-14 13:23:22.571249, eu-west-2
2020-05-01 00:00:00, 2020-06-15 08:12:38.854048, eu-north-1
2020-05-01 00:00:00, 2020-06-15 08:17:23.917726, eu-north-1
2020-05-01 00:00:00, 2020-06-15 08:18:19.942326, eu-north-1
2020-05-01 00:00:00+00:00, 2020-06-15 08:33:13.776965+00:00, ap-south-1
2020-05-01 00:00:00+00:00, 2020-06-15 08:33:13.776965+00:00, eu-west-3
2020-05-01 00:00:00+00:00, 2020-06-15 08:33:13.776965+00:00, eu-west-2
