Instance, Product/Description, Days, MigrationBidPrice, MigrationsMin, SumStartingInstance, SumMigrations, BidPriceStart, BidPriceMigrations, Difference
p3.8xlarge, Red Hat Enterprise Linux, 324, 1, 9, 36418.8178999999, 29598.16319999989, 1, 0, 6820.65470000001
m4.4xlarge, Windows, 406, 0, 1, 9696.254400000093, 8673.235199999965, 0, 0, 1023.019200000128
f1.2xlarge, SUSE Linux, 407, 1, 4, 5826.485499999994, 5811.9599999999955, 1, 0, 14.525499999998829
t3a.large, Red Hat Enterprise Linux, 323, 0, 3, 684.5015999999962, 608.7903000000041, 0, 0, 75.7112999999921
f1.4xlarge, Linux/UNIX, 407, 1, 4, 9673.795600000069, 9670.320000000069, 1, 0, 3.4755999999997584
m4.large, Linux/UNIX, 407, 0, 16, 359.34139999999957, 191.47240000000033, 0, 0, 167.86899999999923
r5.xlarge, Windows, 406, 0, 3, 2486.2811999999767, 2204.974799999991, 0, 0, 281.30639999998584
t2.medium, SUSE Linux, 407, 0, 5, 1113.4649000000054, 1112.5830000000071, 0, 0, 0.881899999998268
f1.2xlarge, Red Hat Enterprise Linux, 322, 1, 4, 4844.5255, 4830.0, 1, 0, 14.525499999999738
g2.2xlarge, Linux/UNIX, 321, 0, 6, 1534.4451000000035, 1507.9254000000017, 0, 0, 26.519700000001876
t3a.large, Linux/UNIX, 370, 0, 2, 201.21689999999882, 169.02629999999954, 0, 0, 32.19059999999928
f1.4xlarge, SUSE Linux, 407, 1, 4, 10650.595599999955, 10647.119999999955, 1, 0, 3.4755999999997584
f1.4xlarge, Red Hat Enterprise Linux, 322, 2, 3, 8679.958800000013, 8655.360000000015, 2, 0, 24.598799999997937
f1.2xlarge, Linux/UNIX, 407, 1, 4, 4843.451700000034, 4835.160000000034, 1, 0, 8.291699999999764
t2.medium, Red Hat Enterprise Linux, 327, 0, 6, 645.8903999999947, 580.859999999997, 0, 0, 65.03039999999771
m4.large, Red Hat Enterprise Linux, 327, 0, 16, 782.0219999999996, 625.8505999999999, 0, 0, 156.17139999999972
d2.xlarge, Windows, 406, 0, 0, 3293.4720000000207, 3293.4720000000207, 0, 0, 0.0
f1.16xlarge, SUSE Linux, 406, 1, 4, 39597.59999999998, 39560.63999999997, 1, 0, 36.9600000000064
f1.16xlarge, Red Hat Enterprise Linux, 323, 2, 3, 31804.44099999996, 31705.67999999996, 2, 0, 98.7609999999986
g2.8xlarge, Red Hat Enterprise Linux, 323, 0, 2, 10310.16000000002, 7064.40000000003, 0, 0, 3245.75999999999
g2.8xlarge, SUSE Linux, 407, 0, 2, 8601.572199999979, 8596.67289999998, 0, 0, 4.89929999999913
m4.4xlarge, SUSE Linux, 407, 0, 47, 4169.409899999998, 3120.696700000005, 0, 0, 1048.7131999999929
t2.medium, Windows, 406, 0, 0, 310.833600000002, 310.833600000002, 0, 0, 0.0
g2.8xlarge, Linux/UNIX, 407, 0, 2, 7624.7722000000285, 7619.8729000000285, 0, 0, 4.899300000000039
g2.8xlarge, Windows, 320, 0, 0, 8125.439999999961, 8125.439999999961, 0, 0, 0.0
g2.2xlarge, Red Hat Enterprise Linux, 237, 0, 2, 1873.8946999999978, 1848.5999999999929, 0, 0, 25.294700000004923
g2.2xlarge, SUSE Linux, 321, 0, 6, 2304.845099999997, 2278.3253999999897, 0, 0, 26.519700000007106
g2.2xlarge, Windows, 321, 0, 3, 2403.6480000000033, 2131.958399999992, 0, 0, 271.6896000000115
r5.12xlarge, SUSE Linux, 407, 0, 24, 10183.17839999999, 7698.900600000023, 0, 0, 2484.277799999967
m4.large, Windows, 406, 0, 1, 1212.153599999993, 1084.1567999999957, 0, 0, 127.99679999999739
d2.8xlarge, SUSE Linux, 406, 0, 0, 17110.464000000058, 17110.464000000058, 0, 0, 0.0
t2.medium, Linux/UNIX, 407, 0, 5, 136.66490000000047, 135.7830000000003, 0, 0, 0.8819000000001722
d2.8xlarge, Red Hat Enterprise Linux, 323, 0, 1, 17193.935999999994, 13855.439999999908, 0, 0, 3338.4960000000865
r4.8xlarge, Red Hat Enterprise Linux, 327, 0, 13, 6385.917600000013, 3625.4335000000015, 0, 0, 2760.484100000012
d2.8xlarge, Windows, 407, 0, 0, 22798.51199999988, 22798.51199999988, 0, 0, 0.0
m4.large, SUSE Linux, 407, 0, 15, 1336.1414000000007, 1229.7339999999988, 0, 0, 106.40740000000187
r5.8xlarge, Windows, 307, 0, 0, 13310.291999999961, 13310.291999999961, 0, 0, 0.0
r5.12xlarge, Windows, 406, 0, 3, 29835.89280000026, 26465.405700000003, 0, 0, 3370.4871000002568
d2.8xlarge, Linux/UNIX, 406, 0, 0, 16136.064000000091, 16136.064000000091, 0, 0, 0.0
d2.xlarge, Red Hat Enterprise Linux, 324, 0, 1, 2496.096000000001, 2078.783999999986, 0, 0, 417.3120000000149
d2.xlarge, SUSE Linux, 406, 0, 0, 2991.407999999987, 2991.407999999987, 0, 0, 0.0
d2.xlarge, Linux/UNIX, 406, 0, 0, 2017.0080000000114, 2017.0080000000114, 0, 0, 0.0
m4.16xlarge, SUSE Linux, 406, 0, 12, 10582.451199999994, 8756.41789999992, 0, 0, 1826.0333000000737
t2.small, Linux/UNIX, 407, 0, 16, 67.68069999999959, 67.39919999999964, 0, 0, 0.28149999999995146
r5.12xlarge, Red Hat Enterprise Linux, 323, 0, 22, 7724.312200000003, 4954.219800000022, 0, 0, 2770.0923999999814
m4.16xlarge, Red Hat Enterprise Linux, 327, 0, 34, 10854.168800000005, 5790.8005999999705, 0, 0, 5063.368200000034
g3s.xlarge, Windows, 320, 0, 0, 3141.119999999982, 3141.119999999982, 0, 0, 0.0
r5.large, Red Hat Enterprise Linux, 324, 0, 73, 733.2767999999971, 632.8320999999993, 0, 0, 100.44469999999785
t2.small, Red Hat Enterprise Linux, 327, 0, 18, 558.777599999999, 525.4319999999975, 0, 0, 33.34560000000147
m4.16xlarge, Linux/UNIX, 406, 0, 51, 9608.051200000004, 5909.8179999999875, 0, 0, 3698.233200000016
g4dn.12xlarge, Linux/UNIX, 222, 218, 6, 6228.584100000011, 6228.288300000011, 218, 216, 0.29579999999987194
r4.8xlarge, SUSE Linux, 407, 0, 15, 6702.117899999997, 5228.134699999993, 0, 0, 1473.9832000000033
t2.micro, Windows, 406, 0, 0, 78.92640000000053, 78.92640000000053, 0, 0, 0.0
m4.16xlarge, Windows, 406, 0, 2, 38099.01399999998, 34559.00650000024, 0, 0, 3540.007499999738
m4.2xlarge, Linux/UNIX, 407, 1, 52, 1251.5540000000008, 820.6045999999998, 1, 0, 430.949400000001
g3.8xlarge, Windows, 320, 0, 0, 16558.08000000007, 16558.08000000007, 0, 0, 0.0
t3a.2xlarge, Linux/UNIX, 370, 0, 1, 809.0892000000035, 674.7546000000052, 0, 0, 134.33459999999832
r5.large, Linux/UNIX, 407, 1, 74, 350.38069999999965, 210.33369999999942, 1, 0, 140.04700000000022
t3.xlarge, Windows, 406, 0, 0, 1204.4250000000015, 1204.4250000000015, 0, 0, 0.0
m4.10xlarge, Windows, 406, 0, 2, 24240.14879999984, 21688.81920000002, 0, 0, 2551.329599999819
r5.large, Windows, 407, 0, 2, 1246.396800000008, 1106.2008000000035, 0, 0, 140.19600000000446
t2.small, Windows, 407, 0, 2, 155.7898000000003, 155.31120000000027, 0, 0, 0.47860000000002856
m4.10xlarge, Linux/UNIX, 406, 0, 63, 6996.0763999999945, 3947.681100000018, 0, 0, 3048.3952999999765
g4dn.16xlarge, Linux/UNIX, 222, 0, 4, 6935.053299999986, 6932.243999999985, 0, 0, 2.8093000000008033
t3.xlarge, Red Hat Enterprise Linux, 327, 1, 15, 1027.4688000000024, 865.9552000000045, 1, 0, 161.51359999999784
t2.small, SUSE Linux, 407, 0, 16, 360.7327000000024, 360.4392000000027, 0, 0, 0.2934999999997103
m4.10xlarge, Red Hat Enterprise Linux, 327, 0, 53, 7166.423300000035, 4241.813200000006, 0, 0, 2924.610100000029
g4dn.12xlarge, Windows, 222, 0, 3, 17994.725200000037, 17994.342700000037, 0, 0, 0.38249999999970896
r5.12xlarge, Linux/UNIX, 407, 0, 30, 9105.478399999998, 4997.918900000008, 0, 0, 4107.55949999999
g4dn.16xlarge, Red Hat Enterprise Linux, 222, 0, 4, 7627.693299999968, 7624.883999999968, 0, 0, 2.8092999999998938
m3.xlarge, SUSE Linux, 407, 0, 3, 1582.8703999999914, 1549.8767999999984, 0, 0, 32.993599999992966
t2.xlarge, Linux/UNIX, 407, 0, 7, 553.9049999999976, 544.0775999999984, 0, 0, 9.827399999999216
m3.xlarge, Windows, 320, 0, 6, 2082.9575000000036, 1923.8018000000004, 0, 0, 159.1557000000032
t3.xlarge, SUSE Linux, 407, 0, 16, 1552.761899999998, 1515.234700000001, 0, 0, 37.52719999999681
g4dn.12xlarge, Red Hat Enterprise Linux, 222, 1, 6, 6925.227899999993, 6920.928299999991, 1, 0, 4.299600000001192
m4.10xlarge, SUSE Linux, 406, 0, 28, 7970.476399999994, 5989.527099999986, 0, 0, 1980.9493000000084
g3.16xlarge, Windows, 406, 0, 2, 42016.12799999993, 42016.12799999993, 0, 0, 0.0
t2.micro, Linux/UNIX, 406, 0, 4, 34.15639999999997, 34.103999999999964, 0, 0, 0.052400000000005775
m4.4xlarge, Linux/UNIX, 407, 1, 81, 3157.3354999999956, 1773.337000000001, 1, 0, 1383.9984999999947
t3a.2xlarge, Windows, 370, 0, 2, 2108.1119999999914, 1981.8572999999924, 0, 0, 126.25469999999905
m4.2xlarge, Windows, 407, 0, 1, 4859.579999999991, 4348.5479999999825, 0, 0, 511.03200000000834
g3.4xlarge, Red Hat Enterprise Linux, 323, 0, 38, 3839.6693999999966, 3663.181699999993, 0, 0, 176.48770000000377
g3.4xlarge, Linux/UNIX, 406, 0, 25, 3594.3221000000103, 3348.760600000021, 0, 0, 245.56149999998934
g3.16xlarge, Red Hat Enterprise Linux, 323, 0, 10, 16542.768000000076, 11634.002399999974, 0, 0, 4908.7656000001025
m4.4xlarge, Red Hat Enterprise Linux, 327, 0, 63, 3487.103999999983, 2475.6586000000016, 0, 0, 1011.4453999999814
g3.16xlarge, Linux/UNIX, 406, 1, 17, 13401.008300000083, 13329.792000000083, 1, 0, 71.21630000000005
g3.16xlarge, SUSE Linux, 406, 1, 15, 14375.408299999994, 14304.19199999999, 1, 0, 71.21630000000368
t2.micro, Red Hat Enterprise Linux, 327, 0, 2, 514.8496000000038, 498.57120000000026, 0, 0, 16.2784000000035
t2.micro, SUSE Linux, 406, 0, 4, 131.59639999999962, 131.54399999999964, 0, 0, 0.052399999999977354
g3.8xlarge, Red Hat Enterprise Linux, 324, 0, 19, 8802.431999999957, 6344.928000000017, 0, 0, 2457.50399999994
m4.2xlarge, Red Hat Enterprise Linux, 327, 0, 28, 2295.9915, 1678.8396000000005, 0, 0, 617.1518999999996
t3a.2xlarge, Red Hat Enterprise Linux, 323, 0, 2, 1886.0615999999848, 1581.323399999992, 0, 0, 304.73819999999273
g3.8xlarge, SUSE Linux, 320, 0, 19, 6047.09479999997, 6021.119999999962, 0, 0, 25.974800000008145
g3.8xlarge, Linux/UNIX, 320, 0, 15, 5279.094800000021, 5253.120000000027, 0, 0, 25.974799999993593
g3.4xlarge, SUSE Linux, 406, 0, 34, 4568.722100000024, 4454.675000000036, 0, 0, 114.04709999998795
g3.4xlarge, Windows, 320, 0, 0, 8279.040000000035, 8279.040000000035, 0, 0, 0.0
m4.2xlarge, SUSE Linux, 407, 0, 20, 2466.943200000002, 2001.9206999999967, 0, 0, 465.02250000000527
m5.24xlarge, Windows, 407, 0, 1, 59079.794400000144, 52636.970399999984, 0, 0, 6442.824000000161
c5n.9xlarge, Linux/UNIX, 406, 1, 15, 5666.435900000021, 3759.1453999999803, 1, 0, 1907.290500000041
t3a.micro, Linux/UNIX, 370, 0, 2, 26.08819999999998, 21.20990000000001, 0, 0, 4.878299999999967
r5.8xlarge, SUSE Linux, 307, 0, 13, 4851.1094, 3949.399799999997, 0, 0, 901.7096000000033
c5n.9xlarge, Red Hat Enterprise Linux, 323, 0, 7, 6077.264500000002, 3680.8711999999823, 0, 0, 2396.3933000000197
t2.2xlarge, Linux/UNIX, 407, 0, 3, 1095.230699999996, 1088.1551999999967, 0, 0, 7.075499999999238
t3a.micro, Red Hat Enterprise Linux, 323, 0, 3, 494.1538999999991, 483.1882999999972, 0, 0, 10.965600000001928
r4.8xlarge, Linux/UNIX, 407, 0, 14, 5725.317900000003, 3201.383399999997, 0, 0, 2523.9345000000058
t1.micro, SUSE Linux, 406, 0, 1, 116.92799999999906, 116.92799999999906, 0, 0, 0.0
m5.2xlarge, Red Hat Enterprise Linux, 327, 0, 47, 2367.545900000004, 1730.7457000000004, 0, 0, 636.8002000000038
t1.micro, Red Hat Enterprise Linux, 327, 0, 1, 492.4515999999979, 486.64319999999987, 0, 0, 5.8083999999980165
t1.micro, Linux/UNIX, 406, 0, 1, 19.487999999999886, 19.487999999999886, 0, 0, 0.0
t1.micro, Windows, 406, 0, 1, 19.487999999999886, 19.487999999999886, 0, 0, 0.0
c5n.4xlarge, Windows, 407, 0, 2, 9585.525299999992, 8666.336699999987, 0, 0, 919.188600000005
m5.2xlarge, Linux/UNIX, 406, 0, 67, 1589.9843000000014, 874.7296999999995, 0, 0, 715.2546000000019
r5a.12xlarge, Red Hat Enterprise Linux, 323, 1, 3, 6686.481499999971, 4950.782400000002, 1, 0, 1735.699099999969
m5.24xlarge, SUSE Linux, 407, 0, 15, 17284.485299999928, 13727.273100000011, 0, 0, 3557.2121999999163
t3a.medium, Windows, 370, 0, 5, 263.73599999999806, 247.90440000000098, 0, 0, 15.831599999997081
t2.2xlarge, Red Hat Enterprise Linux, 327, 0, 4, 2421.892800000001, 1900.9583999999913, 0, 0, 520.9344000000096
c5n.large, Red Hat Enterprise Linux, 323, 0, 12, 721.3063999999987, 614.7383999999986, 0, 0, 106.5680000000001
t2.2xlarge, SUSE Linux, 407, 0, 3, 2072.0306999999975, 2064.9551999999944, 0, 0, 7.075500000003103
m5.24xlarge, Linux/UNIX, 407, 0, 13, 16307.685299999961, 9695.559899999973, 0, 0, 6612.125399999988
m5.24xlarge, Red Hat Enterprise Linux, 327, 0, 14, 17154.943200000045, 8900.617800000013, 0, 0, 8254.325400000032
m5.16xlarge, Windows, 307, 0, 0, 26395.70019999989, 26395.70019999989, 0, 0, 0.0
c5n.large, Windows, 407, 0, 2, 1215.139199999993, 1087.4591999999955, 0, 0, 127.67999999999756
m5.16xlarge, SUSE Linux, 221, 0, 1, 6013.863000000013, 5121.615000000006, 0, 0, 892.2480000000069
c5n.9xlarge, Windows, 407, 0, 4, 21870.55200000018, 19947.862499999967, 0, 0, 1922.689500000215
c5n.large, Linux/UNIX, 407, 0, 15, 328.1136000000001, 188.99179999999922, 0, 0, 139.12180000000086
r4.4xlarge, Windows, 407, 0, 1, 9840.283200000056, 8769.503999999914, 0, 0, 1070.7792000001427
t3a.nano, Linux/UNIX, 370, 1, 29, 12.535399999999932, 10.497699999999922, 1, 0, 2.03770000000001
r5n.8xlarge, Red Hat Enterprise Linux, 202, 0, 1, 2252.573499999996, 2252.573499999996, 0, 0, 0.0
m5.8xlarge, Red Hat Enterprise Linux, 307, 0, 15, 3319.047799999986, 3316.195899999985, 0, 0, 2.8519000000010237
r5.16xlarge, Red Hat Enterprise Linux, 307, 0, 1, 5886.295200000019, 5886.295200000019, 0, 0, 0.0
r5.8xlarge, Red Hat Enterprise Linux, 307, 0, 13, 3472.787899999995, 3444.2283999999972, 0, 0, 28.55949999999757
c5n.18xlarge, Windows, 406, 0, 1, 43632.65759999976, 39030.50399999994, 0, 0, 4602.153599999816
m5.8xlarge, SUSE Linux, 221, 0, 7, 3271.970499999999, 2831.791200000004, 0, 0, 440.1792999999948
r5n.8xlarge, Linux/UNIX, 202, 0, 1, 1622.3335000000034, 1622.3335000000034, 0, 0, 0.0
m5.4xlarge, Windows, 407, 0, 1, 9847.120800000064, 8772.520799999917, 0, 0, 1074.6000000001477
c5n.2xlarge, Linux/UNIX, 406, 1, 27, 1358.3038999999994, 827.493099999999, 1, 0, 530.8108000000004
r5n.8xlarge, Windows, 202, 0, 0, 8758.425999999985, 8758.425999999985, 0, 0, 0.0
m5.8xlarge, Linux/UNIX, 307, 0, 15, 2361.2077999999933, 2358.355899999992, 0, 0, 2.8519000000014785
c5n.18xlarge, Red Hat Enterprise Linux, 322, 0, 15, 10014.71519999999, 6369.386200000032, 0, 0, 3645.328999999958
c5d.xlarge, Windows, 406, 0, 1, 2424.307199999986, 2168.3135999999913, 0, 0, 255.99359999999479
m5.large, Windows, 406, 0, 1, 1227.7439999999926, 1094.015999999999, 0, 0, 133.7279999999937
c5n.18xlarge, Linux/UNIX, 407, 0, 21, 11390.016199999922, 6802.294899999932, 0, 0, 4587.72129999999
r4.4xlarge, SUSE Linux, 407, 1, 14, 3847.390499999999, 3195.4752000000003, 1, 0, 651.9152999999988
m5.large, Linux/UNIX, 407, 1, 45, 392.7808000000001, 199.3926999999992, 1, 0, 193.38810000000092
m5.8xlarge, Windows, 307, 0, 1, 13198.282800000077, 13198.282800000077, 0, 0, 0.0
m5.large, SUSE Linux, 407, 0, 33, 1373.6690999999998, 1241.812200000002, 0, 0, 131.85689999999795
m5.large, Red Hat Enterprise Linux, 327, 0, 47, 824.7456999999986, 632.8686000000007, 0, 0, 191.87709999999788
m5.2xlarge, Windows, 407, 0, 2, 4923.07199999997, 4387.087199999958, 0, 0, 535.984800000012
c5n.2xlarge, Windows, 406, 0, 4, 4847.639999999991, 4406.394599999982, 0, 0, 441.2454000000089
c5n.4xlarge, Linux/UNIX, 407, 1, 14, 1634.1715999999974, 1486.6942999999985, 1, 0, 147.47729999999888
m5.4xlarge, Linux/UNIX, 407, 0, 66, 2807.5672, 1849.862400000001, 0, 0, 957.7047999999991
c5n.4xlarge, Red Hat Enterprise Linux, 322, 0, 10, 3076.223999999995, 2125.2925000000027, 0, 0, 950.9314999999924
m5.2xlarge, SUSE Linux, 406, 0, 34, 2564.3842999999983, 2066.209000000004, 0, 0, 498.1752999999944
c5n.2xlarge, Red Hat Enterprise Linux, 323, 0, 16, 2102.075799999999, 1609.7797999999962, 0, 0, 492.296000000003
t3a.micro, Windows, 370, 0, 1, 106.55999999999918, 102.90590000000032, 0, 0, 3.654099999998863
m5.4xlarge, SUSE Linux, 407, 0, 38, 3784.367200000001, 3235.0822999999955, 0, 0, 549.2849000000056
m5.4xlarge, Red Hat Enterprise Linux, 327, 0, 50, 3711.5146999999993, 2517.9743000000003, 0, 0, 1193.540399999999
r5n.large, Windows, 202, 0, 0, 547.3991000000021, 547.3991000000021, 0, 0, 0.0
t3a.micro, SUSE Linux, 370, 0, 5, 712.8867000000004, 685.8731000000028, 0, 0, 27.01359999999761
r5n.large, Linux/UNIX, 202, 0, 1, 101.3798999999995, 101.37429999999948, 0, 0, 0.0056000000000153705
r5n.large, Red Hat Enterprise Linux, 202, 0, 1, 392.25989999999905, 392.25429999999903, 0, 0, 0.0056000000000153705
t2.large, SUSE Linux, 407, 0, 3, 1258.7077999999967, 1248.3503999999914, 0, 0, 10.357400000005327
d2.2xlarge, Windows, 406, 0, 0, 6187.439999999942, 6187.439999999942, 0, 0, 0.0
t3a.large, Windows, 370, 0, 2, 446.08129999999755, 414.11790000000315, 0, 0, 31.963399999994408
m4.xlarge, SUSE Linux, 407, 0, 28, 1698.4717000000003, 1488.2311999999908, 0, 0, 210.24050000000943
d2.2xlarge, SUSE Linux, 406, 0, 0, 5008.415999999984, 5008.415999999984, 0, 0, 0.0
t2.large, Windows, 407, 0, 0, 545.0544000000018, 545.0544000000018, 0, 0, 0.0
d2.4xlarge, Linux/UNIX, 407, 0, 0, 8087.904000000046, 8087.904000000046, 0, 0, 0.0
d2.2xlarge, Red Hat Enterprise Linux, 323, 0, 1, 5054.304000000021, 4219.680000000007, 0, 0, 834.6240000000143
t2.large, Red Hat Enterprise Linux, 327, 0, 5, 820.9008000000011, 690.8400000000007, 0, 0, 130.06080000000043
m4.xlarge, Red Hat Enterprise Linux, 327, 0, 43, 1087.7523000000012, 788.4427999999976, 0, 0, 299.3095000000036
d2.4xlarge, SUSE Linux, 407, 0, 0, 9064.704000000014, 9064.704000000014, 0, 0, 0.0
d2.4xlarge, Windows, 407, 0, 0, 11037.840000000055, 11037.840000000055, 0, 0, 0.0
m4.xlarge, Linux/UNIX, 407, 2, 55, 622.8142000000006, 388.72189999999983, 2, 0, 234.09230000000076
d2.4xlarge, Red Hat Enterprise Linux, 323, 0, 1, 9100.848000000033, 7431.600000000041, 0, 0, 1669.2479999999914
m4.xlarge, Windows, 406, 0, 1, 2424.307199999986, 2168.3135999999913, 0, 0, 255.99359999999479
m5.12xlarge, Windows, 406, 0, 1, 29467.80479999991, 26245.915199999992, 0, 0, 3221.8895999999186
c5n.metal, Windows, 264, 0, 2, 26762.188599999958, 26762.128699999957, 0, 0, 0.059900000000197906
t2.2xlarge, Windows, 407, 0, 0, 1693.7711999999888, 1693.7711999999888, 0, 0, 0.0
r5.16xlarge, Linux/UNIX, 307, 0, 1, 4928.45520000003, 4928.45520000003, 0, 0, 0.0
t3a.medium, Red Hat Enterprise Linux, 324, 0, 3, 577.8090999999996, 538.7373999999974, 0, 0, 39.07170000000224
m5.12xlarge, SUSE Linux, 407, 2, 37, 8199.94210000001, 7518.517600000013, 2, 0, 681.4244999999964
c5n.xlarge, Linux/UNIX, 407, 1, 12, 626.4199999999998, 378.3879999999996, 1, 0, 248.03200000000027
r5a.12xlarge, Linux/UNIX, 406, 0, 14, 8522.770500000053, 5182.405100000015, 0, 0, 3340.365400000038
c5n.metal, Linux/UNIX, 264, 1, 1, 5784.86259999998, 5775.999299999981, 1, 0, 8.863299999999072
m5.16xlarge, Red Hat Enterprise Linux, 307, 0, 1, 5670.779000000025, 5662.1341000000275, 0, 0, 8.644899999997506
m5.16xlarge, Linux/UNIX, 307, 0, 1, 4712.939, 4704.294099999997, 0, 0, 8.644900000002963
c5n.metal, Red Hat Enterprise Linux, 264, 1, 1, 6608.542600000039, 6599.679300000039, 1, 0, 8.863299999999981
c5n.xlarge, Windows, 406, 0, 1, 2424.307199999986, 2168.3135999999913, 0, 0, 255.99359999999479
d2.2xlarge, Linux/UNIX, 406, 0, 0, 4034.016000000023, 4034.016000000023, 0, 0, 0.0
t3a.medium, Linux/UNIX, 370, 0, 2, 101.97479999999976, 84.51339999999976, 0, 0, 17.461399999999998
t2.large, Linux/UNIX, 407, 0, 3, 281.90779999999995, 271.55040000000065, 0, 0, 10.357399999999302
m5.12xlarge, Red Hat Enterprise Linux, 327, 0, 33, 9087.19920000002, 5267.573999999995, 0, 0, 3819.625200000024
c5n.xlarge, Red Hat Enterprise Linux, 323, 0, 6, 1109.9104999999997, 763.163299999997, 0, 0, 346.74720000000275
m5.12xlarge, Linux/UNIX, 407, 1, 33, 6184.815799999996, 5195.004299999997, 1, 0, 989.8114999999989
t3.large, SUSE Linux, 406, 0, 29, 1155.8733000000002, 1136.3759000000032, 0, 0, 19.497399999997015
t3.micro, Red Hat Enterprise Linux, 327, 0, 2, 510.12940000000066, 495.41040000000305, 0, 0, 14.718999999997607
i3.4xlarge, SUSE Linux, 407, 0, 14, 5618.1002000000035, 4635.283699999998, 0, 0, 982.8165000000054
i3.4xlarge, Windows, 406, 0, 1, 10819.737600000035, 10819.737600000035, 0, 0, 0.0
r5.metal, Red Hat Enterprise Linux, 323, 0, 16, 9509.31119999995, 6260.484900000021, 0, 0, 3248.826299999928
r4.large, Red Hat Enterprise Linux, 327, 0, 9, 810.0502999999973, 632.381899999999, 0, 0, 177.66839999999831
i3.8xlarge, Linux/UNIX, 407, 0, 22, 16609.772100000075, 7384.030799999982, 0, 0, 9225.741300000092
i3en.large, Red Hat Enterprise Linux, 322, 1, 5, 992.5868999999951, 987.6331999999951, 1, 0, 4.953700000000026
r5.metal, Windows, 406, 0, 4, 54137.66399999964, 49762.68770000038, 0, 0, 4374.97629999926
t3.large, Red Hat Enterprise Linux, 326, 0, 24, 788.1290999999991, 666.6094999999987, 0, 0, 121.51960000000042
i3en.metal, Linux/UNIX, 226, 1, 2, 18415.95500000005, 17590.212700000055, 1, 0, 825.7422999999944
t3.micro, SUSE Linux, 407, 0, 5, 805.7807999999917, 785.2455999999924, 0, 0, 20.53519999999935
r4.large, Linux/UNIX, 407, 1, 7, 322.63339999999994, 198.6754999999992, 1, 0, 123.95790000000073
i3.4xlarge, Linux/UNIX, 407, 0, 17, 4641.300199999998, 3658.4836999999916, 0, 0, 982.8165000000063
i3.4xlarge, Red Hat Enterprise Linux, 327, 0, 19, 6220.924500000046, 3995.363499999986, 0, 0, 2225.5610000000597
i3en.metal, Red Hat Enterprise Linux, 226, 1, 2, 19121.075000000015, 18295.332700000006, 1, 0, 825.742300000009
i3en.large, Windows, 357, 1, 2, 1374.4930999999965, 1369.1663999999967, 1, 0, 5.326699999999846
i3.8xlarge, SUSE Linux, 407, 0, 21, 17586.57209999998, 8360.830799999922, 0, 0, 9225.741300000058
i3en.large, Linux/UNIX, 357, 1, 5, 582.3583000000023, 580.9052000000024, 1, 0, 1.4530999999998357
t3.micro, Linux/UNIX, 407, 0, 0, 30.28080000000019, 30.28080000000019, 0, 0, 0.0
i3en.6xlarge, Windows, 357, 0, 0, 16429.99679999995, 16429.99679999995, 0, 0, 0.0
i3.8xlarge, Windows, 407, 0, 1, 21692.77440000007, 21692.77440000007, 0, 0, 0.0
i3.8xlarge, Red Hat Enterprise Linux, 327, 1, 24, 8417.47149999997, 6965.163399999967, 1, 0, 1452.3081000000038
i3.16xlarge, SUSE Linux, 407, 0, 32, 15763.690199999928, 15605.356799999863, 0, 0, 158.333400000065
i3en.xlarge, Red Hat Enterprise Linux, 322, 0, 16, 1560.6002000000055, 1511.5968000000046, 0, 0, 49.003400000000966
t3.nano, Linux/UNIX, 406, 0, 1, 15.5903999999999, 15.5903999999999, 0, 0, 0.0
i3.16xlarge, Windows, 407, 0, 1, 43385.54880000014, 43385.54880000014, 0, 0, 0.0
r4.xlarge, Red Hat Enterprise Linux, 327, 0, 10, 1146.0945999999967, 834.5573999999993, 0, 0, 311.53719999999737
t3.2xlarge, Windows, 406, 0, 2, 2408.8496000000027, 2408.849200000003, 0, 0, 0.0003999999998995918
i3.2xlarge, Linux/UNIX, 407, 0, 30, 2197.6811, 1830.0565999999958, 0, 0, 367.624500000004
i3en.xlarge, Linux/UNIX, 357, 0, 16, 1210.824200000004, 1161.8208000000047, 0, 0, 49.003399999999374
r5.metal, Linux/UNIX, 406, 0, 23, 11199.617800000016, 6753.094000000046, 0, 0, 4446.52379999997
i3.16xlarge, Red Hat Enterprise Linux, 327, 0, 33, 21935.835900000075, 12900.355200000055, 0, 0, 9035.48070000002
t3.nano, Red Hat Enterprise Linux, 327, 0, 3, 490.5, 483.53280000000257, 0, 0, 6.967199999997433
i3.16xlarge, Linux/UNIX, 407, 0, 32, 14786.890199999974, 14628.556799999966, 0, 0, 158.33340000000862
r5.xlarge, Red Hat Enterprise Linux, 324, 0, 103, 1031.4928999999986, 805.4934999999996, 0, 0, 225.999399999999
i3en.metal, SUSE Linux, 226, 1, 5, 19059.205000000038, 18291.45370000002, 1, 0, 767.7513000000181
t3.large, Linux/UNIX, 406, 0, 26, 255.36230000000012, 244.12069999999935, 0, 0, 11.241600000000773
i3.2xlarge, Windows, 406, 0, 1, 5409.8688000000175, 5409.8688000000175, 0, 0, 0.0
r5.xlarge, Linux/UNIX, 407, 0, 107, 728.7087000000006, 424.611299999999, 0, 0, 304.0974000000016
i3.2xlarge, SUSE Linux, 407, 0, 22, 3174.481100000003, 2806.8566000000187, 0, 0, 367.62449999998444
t3.micro, Windows, 407, 0, 0, 120.14639999999908, 120.14639999999908, 0, 0, 0.0
i3en.metal, Windows, 226, 1, 2, 42630.79279999988, 41545.97159999989, 1, 0, 1084.8211999999912
i3.2xlarge, Red Hat Enterprise Linux, 327, 0, 21, 3620.5277000000137, 2503.5820000000062, 0, 0, 1116.9457000000075
i3en.12xlarge, Linux/UNIX, 357, 1, 5, 14132.73239999996, 14096.468299999957, 1, 0, 36.264100000003964
i3en.3xlarge, Linux/UNIX, 357, 2, 6, 3526.9691999999923, 3485.4623999999894, 2, 0, 41.50680000000284
t3.medium, Linux/UNIX, 407, 0, 0, 122.0999999999992, 122.0999999999992, 0, 0, 0.0
t3.medium, Red Hat Enterprise Linux, 326, 0, 2, 627.4848000000013, 567.873600000002, 0, 0, 59.61119999999926
i3.xlarge, Windows, 406, 0, 1, 2704.9344000000087, 2704.9344000000087, 0, 0, 0.0
i3en.3xlarge, Red Hat Enterprise Linux, 322, 2, 6, 4201.3676000000305, 4148.390400000033, 2, 0, 52.97719999999754
i3en.2xlarge, Windows, 357, 0, 2, 5476.665599999987, 5476.584499999986, 0, 0, 0.08110000000033324
i3en.12xlarge, Red Hat Enterprise Linux, 322, 0, 1, 13615.460100000053, 13579.641600000055, 0, 0, 35.818499999997584
r4.large, Windows, 407, 0, 1, 1229.7912000000067, 1096.0632000000064, 0, 0, 133.7280000000003
r4.large, SUSE Linux, 407, 0, 9, 1403.4768999999985, 1239.8341000000048, 0, 0, 163.6427999999937
i3.xlarge, SUSE Linux, 407, 0, 25, 2016.1508999999996, 1907.311500000014, 0, 0, 108.83939999998574
t3.medium, SUSE Linux, 407, 0, 5, 1024.8630000000055, 1016.5786000000047, 0, 0, 8.284400000000801
i3.xlarge, Red Hat Enterprise Linux, 327, 0, 7, 1771.0528999999906, 1212.2038000000084, 0, 0, 558.8490999999822
t3.large, Windows, 406, 0, 0, 513.0548000000028, 513.0548000000028, 0, 0, 0.0
i3en.3xlarge, Windows, 357, 2, 6, 8287.18269999998, 8214.864399999975, 2, 0, 72.31830000000446
r4.xlarge, Linux/UNIX, 407, 1, 18, 600.7978999999998, 405.0188999999994, 1, 0, 195.7790000000004
i3en.24xlarge, Linux/UNIX, 357, 2, 1, 28205.03229999991, 28205.03229999991, 2, 2, 0.0
i3en.24xlarge, Windows, 357, 0, 0, 65978.83179999981, 65978.83179999981, 0, 0, 0.0
i3en.24xlarge, Red Hat Enterprise Linux, 322, 0, 0, 26154.64320000016, 26154.64320000016, 0, 0, 0.0
i3en.24xlarge, SUSE Linux, 357, 2, 1, 29161.682300000186, 29161.682300000186, 2, 2, 0.0
i3en.2xlarge, Red Hat Enterprise Linux, 322, 0, 11, 3113.4476999999893, 3100.473599999989, 0, 0, 12.974100000000362
i3en.2xlarge, Linux/UNIX, 357, 0, 11, 2336.615700000007, 2323.6416000000095, 0, 0, 12.974099999997634
i3en.12xlarge, Windows, 357, 0, 4, 32993.94659999991, 32990.25899999991, 0, 0, 3.687599999997474
r5.metal, SUSE Linux, 406, 0, 11, 12274.867799999962, 9842.795899999986, 0, 0, 2432.0718999999754
i3.large, Red Hat Enterprise Linux, 327, 0, 3, 1120.9082999999955, 842.1336000000058, 0, 0, 278.7746999999897
i3.large, SUSE Linux, 407, 0, 1, 1433.9424000000047, 1433.9424000000047, 0, 0, 0.0
t3.medium, Windows, 407, 0, 2, 299.21830000000165, 299.06620000000163, 0, 0, 0.15210000000001855
i3.large, Windows, 407, 0, 1, 1355.7984000000044, 1355.7984000000044, 0, 0, 0.0
i3.large, Linux/UNIX, 407, 0, 1, 457.14239999999893, 457.14239999999893, 0, 0, 0.0
i3en.6xlarge, Red Hat Enterprise Linux, 322, 0, 2, 7292.140799999958, 7292.030799999958, 0, 0, 0.11000000000058208
i3.metal, Windows, 407, 1, 2, 43570.58860000015, 43385.54880000014, 1, 0, 185.03980000000593
i3.xlarge, Linux/UNIX, 407, 0, 8, 1039.3508999999997, 914.3678999999978, 0, 0, 124.98300000000188
i3.metal, SUSE Linux, 407, 1, 2, 15642.485999999863, 15605.356799999863, 1, 0, 37.1291999999994
i3en.6xlarge, Linux/UNIX, 357, 0, 2, 6970.924799999979, 6970.814799999979, 0, 0, 0.10999999999967258
i3.metal, Linux/UNIX, 407, 1, 2, 14665.685999999965, 14628.556799999966, 1, 0, 37.1291999999994
i3.metal, Red Hat Enterprise Linux, 322, 0, 0, 12578.09280000005, 12578.09280000005, 0, 0, 0.0
m2.4xlarge, Red Hat Enterprise Linux, 327, 1, 7, 1912.0682999999938, 1792.8167999999946, 1, 0, 119.25149999999917
r4.xlarge, Windows, 406, 0, 1, 2454.5135999999843, 2186.102400000013, 0, 0, 268.41119999997136
m2.4xlarge, Linux/UNIX, 407, 0, 5, 957.2639999999931, 957.2639999999931, 0, 0, 0.0
m2.4xlarge, SUSE Linux, 407, 0, 5, 1934.0639999999867, 1934.0639999999867, 0, 0, 0.0
r4.8xlarge, Windows, 406, 0, 1, 19633.185599999866, 17489.71679999998, 0, 0, 2143.468799999886
m2.2xlarge, SUSE Linux, 406, 0, 7, 1451.8560000000068, 1451.8560000000068, 0, 0, 0.0
t3.2xlarge, Red Hat Enterprise Linux, 327, 0, 5, 2284.051799999991, 1811.2224000000117, 0, 0, 472.8293999999794
m2.2xlarge, Windows, 406, 0, 1, 2359.322000000023, 1835.7359999999999, 0, 0, 523.586000000023
t3.small, SUSE Linux, 407, 0, 6, 899.1942999999991, 883.9872999999985, 0, 0, 15.207000000000562
m2.4xlarge, Windows, 407, 0, 1, 4729.566600000046, 3682.656, 0, 0, 1046.9106000000456
g4dn.4xlarge, Windows, 222, 0, 3, 5838.966700000016, 5838.344700000016, 0, 0, 0.6220000000002983
m2.xlarge, SUSE Linux, 407, 0, 2, 1216.3785000000132, 1216.203400000013, 0, 0, 0.1751000000001568
m2.xlarge, Red Hat Enterprise Linux, 327, 0, 1, 724.3703999999966, 663.9048000000037, 0, 0, 60.465599999992946
t3.small, Windows, 407, 0, 2, 240.81599999999733, 240.8153999999973, 0, 0, 0.0006000000000199179
m2.xlarge, Windows, 406, 0, 3, 1179.6044000000113, 917.6519999999942, 0, 0, 261.95240000001706
m2.xlarge, Linux/UNIX, 407, 0, 2, 239.57849999999826, 239.40339999999827, 0, 0, 0.17509999999998627
m2.2xlarge, Red Hat Enterprise Linux, 326, 2, 8, 922.0919999999976, 854.1767999999973, 2, 0, 67.91520000000025
m1.xlarge, Linux/UNIX, 406, 0, 0, 341.0399999999984, 341.0399999999984, 0, 0, 0.0
t3.small, Red Hat Enterprise Linux, 326, 0, 2, 548.4623999999967, 518.5890999999979, 0, 0, 29.873299999998835
m1.small, Windows, 407, 0, 1, 345.78720000000214, 320.06160000000006, 0, 0, 25.72560000000209
m1.xlarge, Red Hat Enterprise Linux, 327, 0, 2, 837.3815999999937, 746.9639999999943, 0, 0, 90.41759999999942
g4dn.xlarge, Linux/UNIX, 222, 218, 31, 839.7878999999984, 839.7878999999984, 218, 217, 0.0
m1.small, SUSE Linux, 407, 0, 1, 336.0192000000018, 336.0192000000018, 0, 0, 0.0
g4dn.xlarge, Red Hat Enterprise Linux, 222, 1, 31, 1169.5727000000027, 1159.467900000003, 1, 0, 10.104799999999614
m2.2xlarge, Linux/UNIX, 406, 0, 7, 477.45599999999655, 477.45599999999655, 0, 0, 0.0
m1.xlarge, SUSE Linux, 406, 0, 0, 1315.440000000003, 1315.440000000003, 0, 0, 0.0
m1.xlarge, Windows, 406, 0, 17, 2472.8584999999803, 2330.396699999995, 0, 0, 142.4617999999855
g4dn.8xlarge, Windows, 222, 0, 2, 11310.44079999998, 11309.90359999998, 0, 0, 0.5372000000006665
m3.medium, Red Hat Enterprise Linux, 327, 0, 2, 545.4360000000017, 523.7303999999988, 0, 0, 21.70560000000296
m3.medium, Linux/UNIX, 320, 0, 0, 51.45600000000005, 51.45600000000005, 0, 0, 0.0
t2.xlarge, Red Hat Enterprise Linux, 327, 0, 9, 1171.7064000000048, 911.5847999999957, 0, 0, 260.12160000000915
g4dn.16xlarge, Windows, 222, 0, 4, 22616.38579999996, 22613.35479999996, 0, 0, 3.0309999999990396
m3.large, SUSE Linux, 321, 0, 1, 1007.6960999999943, 996.4512000000043, 0, 0, 11.244899999990025
t3.xlarge, Linux/UNIX, 407, 0, 15, 525.7369000000011, 488.4977000000053, 0, 0, 37.23919999999583
t2.xlarge, SUSE Linux, 407, 0, 7, 1530.7049999999945, 1520.8775999999903, 0, 0, 9.827400000004218
m3.medium, SUSE Linux, 320, 0, 0, 819.4559999999939, 819.4559999999939, 0, 0, 0.0
g4dn.2xlarge, Linux/UNIX, 222, 7, 15, 1198.041199999997, 1197.7868999999969, 7, 4, 0.2543000000000575
m3.large, Windows, 321, 0, 5, 1048.4088000000002, 965.4603000000005, 0, 0, 82.94849999999963
m3.xlarge, Linux/UNIX, 407, 0, 3, 606.0704000000023, 573.0768000000012, 0, 0, 32.99360000000115
m3.xlarge, Red Hat Enterprise Linux, 327, 0, 3, 1090.3203999999994, 932.7408000000036, 0, 0, 157.57959999999582
m3.medium, Windows, 320, 0, 8, 463.8834999999997, 427.77800000000263, 0, 0, 36.10549999999705
m3.2xlarge, Red Hat Enterprise Linux, 327, 0, 14, 2239.8192000000026, 1947.1206000000059, 0, 0, 292.69859999999676
t2.xlarge, Windows, 407, 0, 0, 944.5655999999949, 944.5655999999949, 0, 0, 0.0
g4dn.4xlarge, Linux/UNIX, 222, 217, 24, 1915.8570999999931, 1915.8570999999931, 217, 216, 0.0
m3.2xlarge, SUSE Linux, 321, 0, 19, 1857.379900000001, 1679.8097000000023, 0, 0, 177.57019999999875
g4dn.2xlarge, Windows, 222, 0, 3, 3158.369299999999, 3158.087199999999, 0, 0, 0.2820999999999003
t3.2xlarge, Linux/UNIX, 407, 0, 4, 1020.4140000000077, 978.9223000000108, 0, 0, 41.49169999999697
g4dn.4xlarge, Red Hat Enterprise Linux, 222, 0, 24, 2609.0466999999953, 2608.497099999995, 0, 0, 0.5496000000002823
m3.2xlarge, Linux/UNIX, 321, 1, 19, 996.4017000000007, 909.4097000000015, 1, 0, 86.99199999999917
m3.large, Red Hat Enterprise Linux, 241, 1, 2, 536.9331999999976, 517.4999999999977, 1, 0, 19.43319999999983
m3.large, Linux/UNIX, 321, 0, 1, 237.29610000000125, 226.05120000000102, 0, 0, 11.244900000000229
g4dn.2xlarge, Red Hat Enterprise Linux, 222, 1, 15, 1911.2296000000001, 1890.426900000001, 1, 0, 20.80269999999905
m3.2xlarge, Windows, 321, 0, 5, 4157.417900000008, 3856.361300000019, 0, 0, 301.0565999999885
g4dn.2xlarge, SUSE Linux, 222, 1, 13, 1991.6882000000014, 1836.1274999999998, 1, 0, 155.5607000000016
i2.4xlarge, Windows, 406, 1, 1, 14168.027999999958, 12374.913600000045, 1, 0, 1793.114399999913
inf1.xlarge, Linux/UNIX, 148, 0, 2, 392.14080000000087, 392.14080000000087, 0, 0, 0.0
inf1.6xlarge, SUSE Linux, 148, 0, 5, 2483.8523999999957, 2483.8523999999957, 0, 0, 0.0
i2.8xlarge, Linux/UNIX, 406, 2, 12, 20564.281299999886, 19936.223999999864, 2, 0, 628.0573000000222
inf1.6xlarge, Red Hat Enterprise Linux, 148, 0, 3, 2490.6624000000056, 2490.6624000000056, 0, 0, 0.0
inf1.6xlarge, Linux/UNIX, 148, 0, 3, 2028.902399999991, 2028.902399999991, 0, 0, 0.0
inf1.xlarge, Red Hat Enterprise Linux, 148, 0, 2, 605.2608000000013, 605.2608000000013, 0, 0, 0.0
i2.4xlarge, SUSE Linux, 406, 1, 8, 10973.909299999974, 10942.51199999998, 1, 0, 31.397299999993265
r4.xlarge, SUSE Linux, 407, 1, 28, 1744.4751999999996, 1510.785999999996, 1, 0, 233.68920000000367
inf1.2xlarge, SUSE Linux, 148, 0, 2, 1078.0199999999998, 998.0199999999982, 0, 0, 80.00000000000159
t3.nano, SUSE Linux, 406, 0, 6, 788.1904000000023, 767.5096000000025, 0, 0, 20.680799999999863
i2.8xlarge, Red Hat Enterprise Linux, 323, 0, 9, 19938.143999999847, 16877.856000000025, 0, 0, 3060.287999999822
i2.8xlarge, SUSE Linux, 406, 2, 11, 21539.551300000152, 20910.62400000019, 2, 0, 628.927299999963
i3en.xlarge, Windows, 357, 0, 0, 2738.3327999999933, 2738.3327999999933, 0, 0, 0.0
r5.xlarge, SUSE Linux, 407, 0, 74, 1755.8587000000025, 1587.3486000000037, 0, 0, 168.51009999999883
inf1.2xlarge, Red Hat Enterprise Linux, 148, 0, 2, 1084.079999999999, 1084.079999999999, 0, 0, 0.0
inf1.2xlarge, Linux/UNIX, 148, 0, 2, 622.3199999999981, 622.3199999999981, 0, 0, 0.0
